<!--
 ! ASM: a very small and fast Java bytecode manipulation framework
 ! Copyright (c) 2000-2011 INRIA, France Telecom
 ! All rights reserved.
 !
 ! Redistribution and use in source and binary forms, with or without
 ! modification, are permitted provided that the following conditions
 ! are met:
 ! 1. Redistributions of source code must retain the above copyright
 !    notice, this list of conditions and the following disclaimer.
 ! 2. Redistributions in binary form must reproduce the above copyright
 !    notice, this list of conditions and the following disclaimer in the
 !    documentation and/or other materials provided with the distribution.
 ! 3. Neither the name of the copyright holders nor the names of its
 !    contributors may be used to endorse or promote products derived from
 !    this software without specific prior written permission.
 !
 ! THIS SOFTWARE IS PROVIDED BY THE COPYRIGHT HOLDERS AND CONTRIBUTORS "AS IS"
 ! AND ANY EXPRESS OR IMPLIED WARRANTIES, INCLUDING, BUT NOT LIMITED TO, THE
 ! IMPLIED WARRANTIES OF MERCHANTABILITY AND FITNESS FOR A PARTICULAR PURPOSE
 ! ARE DISCLAIMED. IN NO EVENT SHALL THE COPYRIGHT OWNER OR CONTRIBUTORS BE
 ! LIABLE FOR ANY DIRECT, INDIRECT, INCIDENTAL, SPECIAL, EXEMPLARY, OR
 ! CONSEQUENTIAL DAMAGES (INCLUDING, BUT NOT LIMITED TO, PROCUREMENT OF
 ! SUBSTITUTE GOODS OR SERVICES; LOSS OF USE, DATA, OR PROFITS; OR BUSINESS
 ! INTERRUPTION) HOWEVER CAUSED AND ON ANY THEORY OF LIABILITY, WHETHER IN
 ! CONTRACT, STRICT LIABILITY, OR TORT (INCLUDING NEGLIGENCE OR OTHERWISE)
 ! ARISING IN ANY WAY OUT OF THE USE OF THIS SOFTWARE, EVEN IF ADVISED OF
 ! THE POSSIBILITY OF SUCH DAMAGE.
-->

<project name="asm-util" default="dist">

  <target name="dist" depends="build-jar,build-snapshot"/>

  <target name="build-jar">
    <jar jarfile="${out.dist.lib}/${ant.project.name}-${product.artifact}.jar"
         basedir="${out.build}">
      <include name="org/objectweb/asm/util/**/*.class"/>
      <manifest>
        <attribute name="Implementation-Title" value="ASM Utilities"/>
        <attribute name="Implementation-Version" value="${product.artifact}"/> 
        <attribute name="Implementation-Vendor" value="France Telecom R&amp;D"/>
      </manifest>
    </jar>

    <copy file="${archive}/asm-util.pom" toFile="${out.dist.lib}/${ant.project.name}-${product.artifact}.pom"/>
    <replace file="${out.dist.lib}/${ant.project.name}-${product.artifact}.pom" token="@product.name@" value="${ant.project.name}"/>
    <replace file="${out.dist.lib}/${ant.project.name}-${product.artifact}.pom" token="@product.artifact@" value="${product.artifact}"/>
  </target>

  <target name="build-snapshot" if="product.snapshot">
    <copy file="${out.dist.lib}/${ant.project.name}-${product.artifact}.jar" toFile="${out.dist.lib}/${ant.project.name}-SNAPSHOT.jar"/>
    <copy file="${out.dist.lib}/${ant.project.name}-${product.artifact}.pom" toFile="${out.dist.lib}/${ant.project.name}-SNAPSHOT.pom"/>
    <echo file="${out.dist.lib}/${ant.project.name}-snapshot-version" message="${product.build.time}"/>
  </target>

</project>
